"","Word","Length","LgSUBTLWF","Ortho_N","Phono_N","NPhon","NSyll","Dom_PoS_SUBTLEX"
"1","above",5,3.4,1,1,4,2,"Preposition"
"2","across",6,3.68,0,0,5,2,"Preposition"
"3","actor",5,3.13,0,3,4,2,"Noun"
"4","address",7,3.43,0,0,5,2,"Noun"
"5","admit",5,3.48,0,0,5,2,"Verb"
"6","affair",6,3.18,0,3,4,2,"Noun"
"7","afford",6,3.36,0,4,5,2,"Verb"
"8","afraid",6,4.1,0,0,5,2,"Adjective"
"9","age",3,3.61,10,13,2,1,"Noun"
"10","agent",5,3.72,0,1,5,2,"Noun"
"11","agree",5,3.52,0,0,4,2,"Verb"
"12","agreed",6,3.26,1,2,5,2,"Verb"
"13","ahead",5,4,0,1,4,2,"Adverb"
"14","air",3,3.85,5,12,2,1,"Noun"
"15","alarm",5,3.18,0,0,5,2,"Noun"
"16","all",3,5.42,5,18,2,1,"Determiner"
"17","allowed",7,3.36,1,4,4,2,"Verb"
"18","ally",4,3.22,1,8,3,2,"Noun"
"19","alright",7,3.61,0,0,5,2,"Adverb"
"20","among",5,3.24,1,1,4,2,"Preposition"
"21","amount",6,3.1,0,1,5,2,"Noun"
"22","angel",5,3.6,1,0,5,2,"Noun"
"23","answer",6,3.95,0,0,4,2,"Verb"
"24","answers",7,3.18,0,1,5,2,"Noun"
"25","any",3,4.75,4,7,3,2,"Determiner"
"26","appear",6,3.08,1,1,4,2,"Verb"
"27","appears",7,3.03,1,1,5,2,"Verb"
"28","apple",5,3.08,2,4,3,2,"Noun"
"29","are",3,5.42,16,14,2,1,"Verb"
"30","area",4,3.58,3,3,4,2,"Noun"
"31","argue",5,3,0,0,5,2,"Verb"
"32","arm",3,3.52,5,4,3,1,"Noun"
"33","armed",5,3.07,1,4,4,1,"Adjective"
"34","arms",4,3.48,6,3,4,1,"Noun"
"35","around",6,4.57,2,6,5,2,"Adverb"
"36","arrest",6,3.48,0,4,5,2,"Noun"
"37","aside",5,3.08,2,3,4,2,"Adverb"
"38","asked",5,4.04,1,2,4,1,"Verb"
"39","asleep",6,3.41,0,0,5,2,"Adjective"
"40","asshole",7,3.5,0,0,5,2,"Noun"
"41","assure",6,3.01,1,4,4,2,"Verb"
"42","ate",3,3.24,9,17,2,1,"Verb"
"43","attacked",8,3.09,2,4,5,2,"Verb"
"44","aunt",4,3.45,4,9,3,1,"Noun"
"45","avoid",5,3.09,0,2,4,2,"Verb"
"46","awesome",7,3.2,0,1,3,2,"Adjective"
"47","babe",4,3.26,8,15,3,1,"Noun"
"48","babies",6,3.23,1,1,5,2,"Noun"
"49","baby",4,4.41,1,4,4,2,"Noun"
"50","back",4,5.01,17,34,3,1,"Adverb"
"51","bad",3,4.44,19,28,3,1,"Adjective"
"52","badly",5,3.13,2,2,5,2,"Adverb"
"53","bags",4,3.16,12,11,4,1,"Noun"
"54","ball",4,3.73,19,30,3,1,"Noun"
"55","balls",5,3.31,10,21,4,1,"Noun"
"56","band",4,3.44,14,17,4,1,"Noun"
"57","bank",4,3.64,16,13,4,1,"Noun"
"58","bar",3,3.64,15,26,3,1,"Noun"
"59","base",4,3.26,14,21,3,1,"Noun"
"60","based",5,3.13,6,23,4,1,"Verb"
"61","bat",3,3.02,19,37,3,1,"Noun"
"62","bath",4,3.2,11,20,3,1,"Noun"
"63","battle",6,3.33,4,13,4,2,"Noun"
"64","bay",3,3.09,19,29,2,1,"Noun"
"65","beach",5,3.46,7,21,3,1,"Noun"
"66","bear",4,3.47,19,34,3,1,"Noun"
"67","beast",5,3.1,6,15,4,1,"Noun"
"68","beauty",6,3.39,0,1,5,2,"Noun"
"69","became",6,3.39,1,1,5,2,"Verb"
"70","become",6,3.77,1,2,5,2,"Verb"
"71","beef",4,3,6,19,3,1,"Noun"
"72","beer",4,3.59,12,40,3,1,"Noun"
"73","began",5,3.22,3,3,5,2,"Verb"
"74","believe",7,4.5,1,2,5,2,"Verb"
"75","bell",4,3.3,13,29,3,1,"Noun"
"76","below",5,3.16,0,12,4,2,"Adverb"
"77","belt",4,3.09,12,16,4,1,"Noun"
"78","better",6,4.61,7,16,4,2,"Adverb"
"79","big",3,4.54,16,22,3,1,"Adjective"
"80","bike",4,3.12,9,22,3,1,"Noun"
"81","bill",4,3.78,16,34,3,1,"Name"
"82","bills",5,3.04,10,27,4,1,"Noun"
"83","bird",4,3.37,3,29,3,1,"Noun"
"84","birth",5,3.15,4,18,3,1,"Noun"
"85","birthday",8,3.7,0,0,5,2,"Noun"
"86","bitch",5,3.94,9,22,3,1,"Noun"
"87","black",5,3.93,4,8,4,1,"Adjective"
"88","bloody",6,3.29,2,0,5,2,"Adjective"
"89","boat",4,3.69,9,31,3,1,"Noun"
"90","bodies",6,3.23,2,3,5,2,"Noun"
"91","bomb",4,3.44,4,17,3,1,"Noun"
"92","bond",4,3.2,9,17,4,1,"Name"
"93","bone",4,3.12,14,31,3,1,"Noun"
"94","bones",5,3.19,10,18,4,1,"Noun"
"95","book",4,3.96,13,20,3,1,"Noun"
"96","books",5,3.54,6,14,4,1,"Noun"
"97","bored",5,3.01,5,25,4,1,"Adjective"
"98","boring",6,3.15,4,10,5,2,"Adjective"
"99","born",4,3.63,11,17,4,1,"Verb"
"100","bottle",6,3.41,2,10,4,2,"Noun"
"101","bottom",6,3.41,0,1,5,2,"Noun"
"102","bow",3,3.01,18,35,2,1,"Noun"
"103","bowl",4,3.04,9,35,3,1,"Noun"
"104","boy",3,4.43,15,17,2,1,"Noun"
"105","boys",4,4.06,7,17,3,1,"Noun"
"106","brain",5,3.59,6,16,4,1,"Noun"
"107","brains",6,3.15,5,10,5,1,"Noun"
"108","brave",5,3.21,5,9,4,1,"Adjective"
"109","bread",5,3.16,5,15,4,1,"Noun"
"110","break",5,4.05,5,11,4,1,"Verb"
"111","breath",6,3.36,2,4,4,1,"Noun"
"112","bright",6,3.36,3,11,4,1,"Adjective"
"113","broke",5,3.73,2,9,4,1,"Verb"
"114","brother",7,4.16,1,1,5,2,"Noun"
"115","brown",5,3.49,7,9,4,1,"Name"
"116","bucks",5,3.46,5,12,4,1,"Noun"
"117","bud",3,3.26,13,25,3,1,"Name"
"118","bug",3,3.03,17,26,3,1,"Noun"
"119","bullet",6,3.29,3,2,5,2,"Noun"
"120","bunch",5,3.48,6,8,4,1,"Noun"
"121","burned",6,3.16,3,13,4,1,"Verb"
"122","burning",7,3.19,1,6,5,2,"Verb"
"123","bury",4,3.02,9,20,4,2,"Verb"
"124","bus",3,3.58,8,20,3,1,"Noun"
"125","bust",4,3.15,14,18,4,1,"Verb"
"126","button",6,3.16,1,5,4,2,"Noun"
"127","cable",5,3.04,4,7,4,2,"Noun"
"128","cage",4,3.01,13,15,3,1,"Noun"
"129","cake",4,3.36,18,24,3,1,"Noun"
"130","call",4,4.64,13,31,3,1,"Verb"
"131","calling",7,3.8,3,10,5,2,"Verb"
"132","calls",5,3.61,6,18,4,1,"Noun"
"133","came",4,4.37,18,22,3,1,"Verb"
"134","can",3,5.43,15,27,3,1,"Verb"
"135","cancer",6,3.06,5,5,5,2,"Noun"
"136","candy",5,3.26,6,10,5,2,"Noun"
"137","car",3,4.39,15,21,3,1,"Noun"
"138","card",4,3.64,12,24,4,1,"Noun"
"139","cards",5,3.39,8,8,5,1,"Noun"
"140","care",4,4.39,24,27,3,1,"Verb"
"141","career",6,3.36,3,0,5,2,"Noun"
"142","carol",5,3.17,1,8,5,2,"Name"
"143","carry",5,3.53,7,16,4,2,"Verb"
"144","case",4,4.16,14,21,3,1,"Noun"
"145","cash",4,3.57,12,20,3,1,"Noun"
"146","castle",6,3.04,1,10,4,2,"Noun"
"147","cat",3,3.53,18,32,3,1,"Noun"
"148","catch",5,3.84,6,19,3,1,"Verb"
"149","caught",6,3.68,2,23,3,1,"Verb"
"150","cell",4,3.44,11,25,3,1,"Noun"
"151","cents",5,3.05,3,5,5,1,"Noun"
"152","certain",7,3.64,2,4,4,2,"Adjective"
"153","chance",6,4.09,2,5,4,1,"Noun"
"154","changed",7,3.71,5,1,5,1,"Verb"
"155","channel",7,3.1,1,5,4,2,"Noun"
"156","check",5,4.15,4,16,3,1,"Verb"
"157","checked",7,3.38,1,9,4,1,"Verb"
"158","cheese",6,3.3,0,24,3,1,"Noun"
"159","chief",5,3.6,1,12,3,1,"Noun"
"160","child",5,3.91,3,6,4,1,"Noun"
"161","chip",4,3.02,8,22,3,1,"Noun"
"162","choose",6,3.39,1,17,3,1,"Verb"
"163","chuck",5,3.04,6,17,3,1,"Verb"
"164","city",4,3.94,2,12,4,2,"Noun"
"165","class",5,3.78,8,11,4,1,"Noun"
"166","clear",5,3.94,2,8,4,1,"Adjective"
"167","clever",6,3.14,1,2,5,2,"Adjective"
"168","clock",5,3.48,8,13,4,1,"Noun"
"169","close",5,4.05,3,14,4,1,"Adjective"
"170","closer",6,3.37,4,1,5,2,"Adverb"
"171","clothes",7,3.71,1,14,4,1,"Noun"
"172","club",4,3.7,1,3,4,1,"Noun"
"173","coast",5,3.13,3,15,4,1,"Noun"
"174","coat",4,3.33,8,26,3,1,"Noun"
"175","code",4,3.43,14,30,3,1,"Noun"
"176","coffee",6,3.87,2,3,4,2,"Noun"
"177","cold",4,3.82,12,23,4,1,"Adjective"
"178","college",7,3.64,1,3,5,2,"Noun"
"179","colonel",7,3.69,0,3,4,2,"Noun"
"180","color",5,3.3,1,9,4,2,"Noun"
"181","come",4,5.2,15,22,3,1,"Verb"
"182","coming",6,4.43,4,11,5,2,"Verb"
"183","cook",4,3.37,11,13,3,1,"Verb"
"184","cooking",7,3.12,5,4,5,2,"Noun"
"185","cool",4,4,9,21,3,1,"Adjective"
"186","cop",3,3.64,17,23,3,1,"Noun"
"187","cops",4,3.63,13,17,4,1,"Noun"
"188","copy",4,3.43,4,10,4,2,"Noun"
"189","corner",6,3.43,3,4,5,2,"Noun"
"190","couch",5,3.08,6,7,3,1,"Noun"
"191","could",5,4.92,2,13,3,1,"Verb"
"192","county",6,3.24,2,4,5,2,"Noun"
"193","couple",6,4.06,0,4,4,2,"Noun"
"194","course",6,4.4,1,14,4,1,"Adverb"
"195","court",5,3.71,1,19,4,1,"Noun"
"196","cousin",6,3.4,0,2,4,2,"Noun"
"197","cover",5,3.68,10,5,4,2,"Verb"
"198","covered",7,3.21,2,4,5,2,"Verb"
"199","cow",3,3.11,18,15,2,1,"Noun"
"200","crack",5,3.22,6,16,4,1,"Noun"
"201","crane",5,3.23,5,13,4,1,"Name"
"202","crap",4,3.5,8,12,4,1,"Noun"
"203","creature",8,3.04,0,3,5,2,"Noun"
"204","crew",4,3.38,5,13,3,1,"Noun"
"205","crying",6,3.43,3,4,5,2,"Verb"
"206","cup",3,3.42,8,15,3,1,"Noun"
"207","cure",4,3.03,11,1,4,1,"Noun"
"208","dad",3,4.41,15,22,3,1,"Noun"
"209","daddy",5,3.98,3,17,4,2,"Noun"
"210","damage",6,3.23,0,0,5,2,"Noun"
"211","damn",4,4.16,5,24,3,1,"Adjective"
"212","danger",6,3.35,5,2,5,2,"Noun"
"213","dare",4,3.45,19,34,3,1,"Verb"
"214","dark",4,3.66,9,8,4,1,"Adjective"
"215","date",4,3.86,17,25,3,1,"Noun"
"216","daughter",8,3.94,1,5,4,2,"Noun"
"217","day",3,4.61,16,25,2,1,"Noun"
"218","days",4,4.19,8,28,3,1,"Noun"
"219","deal",4,4.12,16,27,3,1,"Noun"
"220","dean",4,3.3,9,26,3,1,"Name"
"221","death",5,4.04,1,9,3,1,"Noun"
"222","deep",4,3.59,9,19,3,1,"Adjective"
"223","demon",5,3.2,1,5,5,2,"Noun"
"224","deserve",7,3.35,1,2,5,2,"Verb"
"225","desire",6,3.01,0,1,5,2,"Noun"
"226","devil",5,3.32,0,3,4,2,"Noun"
"227","dig",3,3.37,14,19,3,1,"Verb"
"228","dinner",6,4.01,2,12,4,2,"Noun"
"229","dirty",5,3.53,1,9,4,2,"Adjective"
"230","do",2,5.5,7,30,2,1,"Verb"
"231","doc",3,3.62,5,21,3,1,"Noun"
"232","doctor",6,4.13,0,0,5,2,"Noun"
"233","dog",3,3.99,13,9,3,1,"Noun"
"234","dogs",4,3.43,8,6,4,1,"Noun"
"235","doll",4,3.1,11,13,3,1,"Noun"
"236","dollar",6,3.15,1,8,4,2,"Noun"
"237","dollars",7,3.6,1,5,5,2,"Noun"
"238","doors",5,3.24,4,20,4,1,"Noun"
"239","dozen",5,3.09,1,1,4,2,"Noun"
"240","drag",4,3.13,7,6,4,1,"Verb"
"241","drama",5,3.01,0,0,5,2,"Noun"
"242","draw",4,3.31,5,2,3,1,"Verb"
"243","dream",5,3.83,2,3,4,1,"Noun"
"244","dreams",6,3.52,3,5,5,1,"Noun"
"245","drew",4,3.11,4,10,3,1,"Name"
"246","drink",5,4.1,3,4,5,1,"Noun"
"247","drive",5,3.89,1,7,4,1,"Verb"
"248","driver",6,3.38,3,1,5,2,"Noun"
"249","drove",5,3.17,5,4,4,1,"Verb"
"250","drug",4,3.36,3,4,4,1,"Noun"
"251","drugs",5,3.39,2,4,5,1,"Noun"
"252","duck",4,3.1,11,25,3,1,"Noun"
"253","dude",4,3.71,7,29,3,1,"Noun"
"254","due",3,3.36,12,30,2,1,"Adjective"
"255","duke",4,3.11,7,17,3,1,"Noun"
"256","dumb",4,3.38,2,31,3,1,"Adjective"
"257","dump",4,3.17,8,10,4,1,"Verb"
"258","dust",4,3.09,10,11,4,1,"Noun"
"259","duty",4,3.42,1,11,4,2,"Noun"
"260","each",4,4.11,2,7,2,1,"Pronoun"
"261","early",5,3.74,0,8,3,2,"Adverb"
"262","ears",4,3.23,10,11,3,1,"Noun"
"263","earth",5,3.71,0,7,2,1,"Noun"
"264","easier",6,3.3,1,0,4,2,"Adjective"
"265","east",4,3.4,10,3,3,1,"Noun"
"266","easy",4,4.13,2,3,3,2,"Adjective"
"267","eating",6,3.49,5,5,4,2,"Verb"
"268","edge",4,3.08,1,9,2,1,"Noun"
"269","effect",6,3.09,1,4,5,2,"Noun"
"270","eggs",4,3.29,0,5,3,1,"Noun"
"271","either",6,3.97,3,3,3,2,"Adverb"
"272","empty",5,3.38,0,0,5,2,"Adjective"
"273","end",3,4.13,1,8,3,1,"Noun"
"274","engine",6,3.21,0,0,5,2,"Noun"
"275","enjoy",5,3.63,1,1,4,2,"Verb"
"276","enough",6,4.41,0,1,4,2,"Adverb"
"277","enter",5,3.18,1,2,4,2,"Verb"
"278","entire",6,3.61,1,1,5,2,"Adjective"
"279","eve",3,3.16,3,6,2,1,"Name"
"280","evening",7,3.79,0,0,5,2,"Noun"
"281","event",5,3.13,0,0,5,2,"Noun"
"282","eyes",4,4.05,2,17,2,1,"Noun"
"283","face",4,4.17,11,20,3,1,"Noun"
"284","fact",4,3.94,5,11,4,1,"Noun"
"285","failed",6,3.17,8,20,4,1,"Verb"
"286","failure",7,3.01,0,0,5,2,"Noun"
"287","falling",7,3.26,4,12,5,2,"Verb"
"288","falls",5,3.11,7,22,4,1,"Verb"
"289","famous",6,3.36,0,0,5,2,"Adjective"
"290","fancy",5,3.25,2,2,5,2,"Adjective"
"291","far",3,4.05,16,17,3,1,"Adverb"
"292","farm",4,3.19,6,5,4,1,"Noun"
"293","fast",4,3.85,11,19,4,1,"Adverb"
"294","fate",4,3.14,17,31,3,1,"Noun"
"295","fault",5,3.73,2,9,4,1,"Noun"
"296","favor",5,3.56,1,8,4,2,"Noun"
"297","fear",4,3.55,12,40,3,1,"Noun"
"298","feed",4,3.34,14,26,3,1,"Verb"
"299","feel",4,4.5,9,35,3,1,"Verb"
"300","feeling",7,3.93,4,15,5,2,"Verb"
"301","feet",4,3.79,8,22,3,1,"Noun"
"302","fellas",6,3.3,0,2,5,2,"Noun"
"303","fellow",6,3.48,5,12,4,2,"Noun"
"304","fever",5,3.01,4,8,4,2,"Noun"
"305","few",3,4.19,10,12,3,1,"Determiner"
"306","field",5,3.55,3,20,4,1,"Noun"
"307","file",4,3.35,14,29,3,1,"Noun"
"308","files",5,3.13,10,18,4,1,"Noun"
"309","film",4,3.52,3,6,4,1,"Noun"
"310","final",5,3.4,0,7,4,2,"Adjective"
"311","find",4,4.63,13,24,4,1,"Verb"
"312","finds",5,3.17,8,8,5,1,"Verb"
"313","fine",4,4.48,16,27,3,1,"Adjective"
"314","finger",6,3.27,6,1,5,2,"Noun"
"315","finish",6,3.7,0,2,5,2,"Verb"
"316","fire",4,4.04,13,21,3,1,"Noun"
"317","fired",5,3.5,9,11,4,1,"Verb"
"318","firm",4,3.26,4,12,3,1,"Noun"
"319","first",5,4.63,0,11,4,1,"Number"
"320","fish",4,3.63,4,12,3,1,"Noun"
"321","fishing",7,3.08,1,4,5,2,"Noun"
"322","fix",3,3.65,9,15,4,1,"Verb"
"323","fixed",5,3.22,4,1,5,1,"Verb"
"324","flat",4,3.13,11,12,4,1,"Noun"
"325","flesh",5,3.05,3,8,4,1,"Noun"
"326","flight",6,3.48,5,15,4,1,"Noun"
"327","flower",6,3.07,4,4,4,1,"Noun"
"328","flowers",7,3.39,2,6,5,1,"Noun"
"329","fly",3,3.64,4,13,3,1,"Verb"
"330","flying",6,3.41,0,2,5,2,"Verb"
"331","folks",5,3.59,2,9,4,1,"Noun"
"332","food",4,3.9,9,18,3,1,"Noun"
"333","fool",4,3.66,10,24,3,1,"Noun"
"334","foot",4,3.52,11,10,3,1,"Noun"
"335","force",5,3.56,3,19,4,1,"Noun"
"336","forced",6,3.13,4,4,5,1,"Verb"
"337","foreign",7,3.06,0,4,5,2,"Adjective"
"338","form",4,3.34,10,13,4,1,"Noun"
"339","fought",6,3.13,3,22,3,1,"Verb"
"340","four",4,4.12,7,32,3,1,"Number"
"341","fourth",6,3.13,0,9,4,1,"Number"
"342","free",4,3.96,4,11,3,1,"Adjective"
"343","freeze",6,3.22,2,14,4,1,"Verb"
"344","friend",6,4.33,0,4,5,1,"Noun"
"345","from",4,5.02,2,4,4,1,"Preposition"
"346","front",5,3.97,2,2,5,1,"Preposition"
"347","fruit",5,3.04,0,6,4,1,"Noun"
"348","future",6,3.72,1,0,5,2,"Noun"
"349","game",4,4.08,13,19,3,1,"Noun"
"350","games",5,3.36,6,6,4,1,"Noun"
"351","gang",4,3.19,8,15,3,1,"Noun"
"352","garage",6,3.14,0,1,5,2,"Noun"
"353","garden",6,3.13,2,5,5,2,"Noun"
"354","gas",3,3.54,8,16,3,1,"Noun"
"355","gate",4,3.21,16,26,3,1,"Noun"
"356","gay",3,3.48,17,20,2,1,"Adjective"
"357","get",3,5.37,14,18,3,1,"Verb"
"358","gift",4,3.52,5,8,4,1,"Noun"
"359","girl",4,4.45,2,15,3,1,"Noun"
"360","give",4,4.78,7,6,3,1,"Verb"
"361","giving",6,3.75,3,3,5,2,"Verb"
"362","glad",4,3.94,3,8,4,1,"Adjective"
"363","glass",5,3.49,3,5,4,1,"Noun"
"364","go",2,5.29,7,28,2,1,"Verb"
"365","gods",4,3.04,5,9,4,1,"Noun"
"366","goes",4,4.04,6,23,3,1,"Verb"
"367","gold",4,3.61,11,19,4,1,"Noun"
"368","golden",6,3.07,0,0,5,2,"Adjective"
"369","golf",4,3.11,4,2,4,1,"Noun"
"370","good",4,5.12,8,10,3,1,"Adjective"
"371","gotten",6,3.44,1,2,4,2,"Verb"
"372","grace",5,3.33,8,19,4,1,"Name"
"373","grade",5,3.17,8,18,4,1,"Noun"
"374","grand",5,3.51,4,9,5,1,"Adjective"
"375","grave",5,3.13,9,16,4,1,"Noun"
"376","great",5,4.62,3,19,4,1,"Adjective"
"377","green",5,3.57,4,15,4,1,"Adjective"
"378","guest",5,3.31,2,16,4,1,"Noun"
"379","guests",6,3.12,0,9,5,1,"Noun"
"380","gun",3,4.04,13,24,3,1,"Noun"
"381","guns",4,3.49,9,17,4,1,"Noun"
"382","guts",4,3.08,10,9,4,1,"Noun"
"383","guy",3,4.59,6,28,2,1,"Noun"
"384","guys",4,4.51,4,18,3,1,"Noun"
"385","had",3,4.93,17,34,3,1,"Verb"
"386","hair",4,3.89,5,32,3,1,"Noun"
"387","hand",4,4.15,9,13,4,1,"Noun"
"388","hands",5,4.08,5,5,5,1,"Noun"
"389","hanging",7,3.44,3,4,5,2,"Verb"
"390","happen",6,4.11,0,0,5,2,"Verb"
"391","hard",4,4.2,11,21,4,1,"Adjective"
"392","harm",4,3.21,6,8,4,1,"Noun"
"393","hat",3,3.52,20,33,3,1,"Noun"
"394","hate",4,4.04,16,26,3,1,"Verb"
"395","haven",5,4.28,1,5,4,2,"Noun"
"396","head",4,4.28,13,28,3,1,"Noun"
"397","headed",6,3.2,9,11,5,2,"Verb"
"398","heads",5,3.34,7,14,4,1,"Noun"
"399","health",6,3.31,2,5,4,1,"Noun"
"400","heard",5,4.3,4,20,3,1,"Verb"
"401","heart",5,4.1,2,15,4,1,"Noun"
"402","hearts",6,3.07,2,5,5,1,"Noun"
"403","heat",4,3.31,11,29,3,1,"Noun"
"404","heaven",6,3.46,3,5,4,2,"Noun"
"405","hell",4,4.38,16,35,3,1,"Noun"
"406","help",4,4.67,7,7,4,1,"Verb"
"407","helps",5,3.04,2,3,5,1,"Verb"
"408","hide",4,3.55,10,32,3,1,"Verb"
"409","high",4,4,3,33,2,1,"Adjective"
"410","highly",6,3.03,0,8,4,2,"Adverb"
"411","hill",4,3.28,14,40,3,1,"Noun"
"412","hills",5,3.01,8,25,4,1,"Noun"
"413","him",3,5.25,12,22,3,1,"Pronoun"
"414","hired",5,3.23,7,9,4,1,"Verb"
"415","hit",3,4.15,15,31,3,1,"Verb"
"416","hold",4,4.35,11,22,4,1,"Verb"
"417","hole",4,3.47,13,37,3,1,"Noun"
"418","holy",4,3.54,2,11,4,2,"Adjective"
"419","honest",6,3.57,0,0,5,2,"Adjective"
"420","honey",5,4.19,3,12,4,2,"Noun"
"421","hook",4,3.29,12,14,3,1,"Noun"
"422","hope",4,4.21,12,18,3,1,"Verb"
"423","hoping",6,3.41,2,4,5,2,"Verb"
"424","horn",4,3.03,6,18,4,1,"Noun"
"425","horse",5,3.68,6,13,4,1,"Noun"
"426","hot",3,3.99,16,23,3,1,"Adjective"
"427","hour",4,3.92,7,13,2,1,"Noun"
"428","house",5,4.42,5,11,3,1,"Noun"
"429","how",3,5.19,16,20,2,1,"Adverb"
"430","hurry",5,3.95,3,6,4,2,"Verb"
"431","hurts",5,3.28,1,9,4,1,"Verb"
"432","idea",4,4.26,0,0,4,2,"Noun"
"433","idiot",5,3.53,1,1,5,2,"Noun"
"434","ill",3,3.04,2,20,2,1,"Name"
"435","in",2,5.7,7,14,2,1,"Preposition"
"436","inside",6,4.03,1,5,5,2,"Adverb"
"437","into",4,4.63,3,3,4,2,"Preposition"
"438","invite",6,3.18,1,4,5,2,"Verb"
"439","is",2,5.66,7,15,2,1,"Verb"
"440","island",6,3.31,1,0,5,2,"Noun"
"441","jacket",6,3.23,2,2,5,2,"Noun"
"442","jail",4,3.56,11,31,3,1,"Noun"
"443","jealous",7,3.29,1,1,5,2,"Adjective"
"444","jerk",4,3.23,1,13,3,1,"Noun"
"445","job",3,4.32,14,19,3,1,"Noun"
"446","jobs",4,3.15,8,13,4,1,"Noun"
"447","join",4,3.63,3,9,3,1,"Verb"
"448","josh",4,3.02,5,11,3,1,"Name"
"449","journey",7,3.01,1,7,4,2,"Noun"
"450","judge",5,3.61,3,4,3,1,"Noun"
"451","juice",5,3.14,1,13,3,1,"Noun"
"452","junior",6,3.26,0,0,5,2,"Adjective"
"453","jury",4,3.34,4,2,4,2,"Noun"
"454","just",4,5.38,8,10,4,1,"Adverb"
"455","keep",4,4.55,9,24,3,1,"Verb"
"456","key",3,3.65,3,23,2,1,"Noun"
"457","keys",4,3.42,1,27,3,1,"Noun"
"458","kick",4,3.57,10,23,3,1,"Verb"
"459","kicked",6,3.19,6,11,4,1,"Verb"
"460","kid",3,4.24,8,18,3,1,"Noun"
"461","kidding",7,3.83,2,12,5,2,"Verb"
"462","kill",4,4.36,13,30,3,1,"Verb"
"463","killer",6,3.51,4,16,4,2,"Noun"
"464","killing",7,3.6,6,14,5,2,"Verb"
"465","kills",5,3.01,7,21,4,1,"Verb"
"466","kinds",5,3.05,5,5,5,1,"Noun"
"467","king",4,3.82,8,16,3,1,"Noun"
"468","kiss",4,3.79,5,14,3,1,"Verb"
"469","kissing",7,3.08,2,7,5,2,"Verb"
"470","kitchen",7,3.47,0,0,5,2,"Noun"
"471","kitty",5,3.13,2,10,4,2,"Name"
"472","knees",5,3.12,1,27,3,1,"Noun"
"473","knew",4,4.27,3,36,2,1,"Verb"
"474","knife",5,3.38,0,9,3,1,"Noun"
"475","knocked",7,3.1,1,11,4,1,"Verb"
"476","know",4,5.47,4,33,2,1,"Verb"
"477","knowing",7,3.36,1,7,4,2,"Verb"
"478","knowledge",9,3.11,0,1,5,2,"Noun"
"479","ladies",6,3.85,0,2,5,2,"Noun"
"480","lady",4,4.04,3,10,4,2,"Noun"
"481","laid",4,3.18,9,33,3,1,"Verb"
"482","land",4,3.65,11,16,4,1,"Noun"
"483","late",4,4.14,17,31,3,1,"Adjective"
"484","lately",6,3.39,0,1,5,2,"Adverb"
"485","later",5,4.17,7,21,4,2,"Adverb"
"486","law",3,3.77,12,15,2,1,"Noun"
"487","lawyer",6,3.61,1,3,4,2,"Noun"
"488","lead",4,3.63,12,42,3,1,"Verb"
"489","leader",6,3.2,6,20,4,2,"Noun"
"490","leads",5,3,8,17,4,1,"Verb"
"491","learn",5,3.78,1,18,3,1,"Verb"
"492","learning",8,3.02,1,8,5,2,"Verb"
"493","least",5,4.03,6,14,4,1,"Adverb"
"494","leaving",7,3.86,6,9,5,2,"Verb"
"495","led",3,3.09,11,25,3,1,"Verb"
"496","left",4,4.39,5,11,4,1,"Verb"
"497","leg",3,3.46,12,13,3,1,"Noun"
"498","legal",5,3.26,1,1,5,2,"Adjective"
"499","legs",4,3.45,8,11,4,1,"Noun"
"500","less",4,3.75,8,18,3,1,"Adverb"
"501","lesson",6,3.22,2,6,4,2,"Noun"
"502","letter",6,3.62,6,26,4,2,"Noun"
"503","letters",7,3.28,2,12,5,2,"Noun"
"504","level",5,3.42,4,7,4,2,"Noun"
"505","license",7,3.21,0,0,5,2,"Noun"
"506","lied",4,3.35,7,40,3,1,"Verb"
"507","lies",4,3.28,9,34,3,1,"Noun"
"508","light",5,3.93,7,34,3,1,"Noun"
"509","lights",6,3.46,4,18,4,1,"Noun"
"510","liked",5,3.6,4,9,4,1,"Verb"
"511","likes",5,3.59,5,14,4,1,"Verb"
"512","lily",4,3.14,3,13,4,2,"Name"
"513","lines",5,3.29,16,23,4,1,"Noun"
"514","lips",4,3.2,7,11,4,1,"Noun"
"515","list",4,3.61,12,22,4,1,"Noun"
"516","lived",5,3.53,7,4,4,1,"Verb"
"517","lives",5,3.85,10,9,4,1,"Noun"
"518","living",6,3.9,6,6,5,2,"Verb"
"519","loan",4,3.01,7,31,3,1,"Noun"
"520","lock",4,3.46,15,29,3,1,"Verb"
"521","lonely",6,3.33,1,0,5,2,"Adjective"
"522","look",4,5,11,18,3,1,"Verb"
"523","lord",4,3.85,7,23,4,1,"Noun"
"524","lose",4,3.92,14,31,3,1,"Verb"
"525","loser",5,3.14,6,8,4,2,"Noun"
"526","losing",6,3.44,3,4,5,2,"Verb"
"527","loss",4,3.17,13,17,3,1,"Noun"
"528","lousy",5,3.08,2,1,4,2,"Adjective"
"529","loved",5,3.75,6,7,4,1,"Verb"
"530","lovely",6,3.69,2,1,5,2,"Adjective"
"531","lover",5,3.13,12,8,4,2,"Noun"
"532","loves",5,3.57,8,8,4,1,"Verb"
"533","loving",6,3.11,4,3,5,2,"Verb"
"534","lower",5,3.15,10,15,3,1,"Adjective"
"535","luck",4,3.89,11,23,3,1,"Noun"
"536","lunch",5,3.73,6,7,4,1,"Noun"
"537","lying",5,3.65,3,7,4,2,"Verb"
"538","machine",7,3.55,0,0,5,2,"Noun"
"539","mad",3,3.76,17,29,3,1,"Adjective"
"540","made",4,4.46,12,30,3,1,"Verb"
"541","magic",5,3.43,1,1,5,2,"Noun"
"542","maid",4,3.07,7,30,3,1,"Noun"
"543","mail",4,3.27,16,46,3,1,"Noun"
"544","make",4,4.85,17,30,3,1,"Verb"
"545","makes",5,4.09,10,12,4,1,"Verb"
"546","male",4,3.24,23,46,3,1,"Adjective"
"547","man",3,4.97,16,29,3,1,"Noun"
"548","manage",6,3.04,0,0,5,2,"Verb"
"549","map",3,3.21,18,25,3,1,"Noun"
"550","march",5,3.09,3,7,4,1,"Name"
"551","marks",5,3.05,5,9,5,1,"Noun"
"552","marriage",8,3.59,1,1,5,2,"Noun"
"553","married",7,4.09,4,4,5,2,"Adjective"
"554","marshall",8,3.12,0,6,5,2,"Name"
"555","master",6,3.65,8,8,5,2,"Noun"
"556","mate",4,3.17,22,39,3,1,"Noun"
"557","matter",6,4.28,9,19,4,2,"Noun"
"558","matters",7,3.23,5,12,5,2,"Noun"
"559","maybe",5,4.67,0,2,4,2,"Adverb"
"560","mayor",5,3.2,2,0,4,1,"Noun"
"561","meal",4,3.17,12,33,3,1,"Noun"
"562","means",5,4.05,8,18,4,1,"Verb"
"563","meant",5,3.73,1,19,4,1,"Verb"
"564","media",5,3.06,1,1,5,2,"Noun"
"565","meeting",7,3.83,1,12,5,2,"Noun"
"566","member",6,3.17,0,0,5,2,"Noun"
"567","men",3,4.28,14,25,3,1,"Noun"
"568","mental",6,3,3,6,5,2,"Adjective"
"569","mention",7,3.48,0,3,5,2,"Verb"
"570","mercy",5,3.11,1,7,4,2,"Noun"
"571","merry",5,3.3,6,20,4,2,"Adjective"
"572","mess",4,3.6,9,21,3,1,"Noun"
"573","message",7,3.67,1,1,5,2,"Noun"
"574","met",3,3.99,15,28,3,1,"Verb"
"575","metal",5,3,2,12,4,2,"Noun"
"576","might",5,4.42,7,31,3,1,"Verb"
"577","mighty",6,3.13,1,8,4,2,"Adjective"
"578","mile",4,3.03,21,28,3,1,"Noun"
"579","miles",5,3.65,10,11,4,1,"Noun"
"580","milk",4,3.34,7,6,4,1,"Noun"
"581","miller",6,3.07,4,11,4,2,"Name"
"582","mind",4,4.39,13,17,4,1,"Noun"
"583","mine",4,4.11,20,27,3,1,"Pronoun"
"584","minute",6,4.28,0,1,5,2,"Noun"
"585","mirror",6,3.09,0,9,3,1,"Noun"
"586","miss",4,4.38,8,22,3,1,"Noun"
"587","mister",6,3.37,5,5,5,2,"Noun"
"588","mixed",5,3.04,3,4,5,1,"Verb"
"589","model",5,3.21,5,12,4,2,"Noun"
"590","mommy",5,3.56,3,11,4,2,"Noun"
"591","money",5,4.51,3,19,4,2,"Noun"
"592","month",5,3.69,2,2,4,1,"Noun"
"593","months",6,3.92,1,0,5,1,"Noun"
"594","mood",4,3.24,9,25,3,1,"Noun"
"595","moon",4,3.41,11,25,3,1,"Noun"
"596","more",4,4.82,18,35,3,1,"Determiner"
"597","mountain",8,3.26,1,2,5,2,"Noun"
"598","mouth",5,3.73,4,6,3,1,"Noun"
"599","move",4,4.33,9,11,3,1,"Verb"
"600","moves",5,3.15,8,7,4,1,"Verb"
"601","movie",5,3.8,0,5,4,2,"Noun"
"602","movies",6,3.37,0,1,5,2,"Noun"
"603","moving",6,3.79,2,0,5,2,"Verb"
"604","much",4,4.7,4,16,3,1,"Determiner"
"605","mum",3,3.04,8,24,3,1,"Noun"
"606","murder",6,3.76,0,9,4,2,"Noun"
"607","must",4,4.55,15,16,4,1,"Verb"
"608","my",2,5.54,4,31,2,1,"Pronoun"
"609","names",5,3.44,4,8,4,1,"Noun"
"610","nasty",5,3.06,4,0,5,2,"Adjective"
"611","nation",6,3.02,2,3,4,2,"Noun"
"612","nature",6,3.36,1,2,4,2,"Noun"
"613","navy",4,3.12,1,4,4,2,"Noun"
"614","near",4,3.63,13,31,3,1,"Preposition"
"615","neck",4,3.48,5,14,3,1,"Noun"
"616","need",4,4.82,7,25,3,1,"Verb"
"617","needed",6,3.68,2,14,5,2,"Verb"
"618","nerve",5,3.07,3,6,3,1,"Noun"
"619","never",5,4.84,4,3,4,2,"Adverb"
"620","new",3,4.57,10,36,2,1,"Adjective"
"621","news",4,3.92,4,23,3,1,"Noun"
"622","night",5,4.65,7,30,3,1,"Noun"
"623","nights",6,3.24,4,16,4,1,"Noun"
"624","nine",4,3.54,12,22,3,1,"Number"
"625","noise",5,3.25,4,10,3,1,"Noun"
"626","none",4,3.75,13,23,3,1,"Pronoun"
"627","normal",6,3.56,2,3,5,2,"Adjective"
"628","nose",4,3.55,12,25,3,1,"Noun"
"629","not",3,5.44,15,29,3,1,"Not"
"630","note",4,3.44,7,29,3,1,"Noun"
"631","nothing",7,4.64,0,2,5,2,"Pronoun"
"632","number",6,4.09,1,2,5,2,"Noun"
"633","of",2,5.77,8,5,2,1,"Preposition"
"634","off",3,4.78,2,10,2,1,"Adverb"
"635","offered",7,3.13,0,1,4,2,"Verb"
"636","office",6,4.02,0,0,4,2,"Noun"
"637","ok",2,4.41,7,4,3,2,"Adverb"
"638","old",3,4.49,1,2,3,1,"Adjective"
"639","ones",4,3.71,3,15,4,1,"Noun"
"640","open",4,4.21,3,4,4,2,"Verb"
"641","opened",6,3.24,1,2,5,2,"Verb"
"642","order",5,3.9,1,1,4,2,"Noun"
"643","other",5,4.57,3,5,3,2,"Adjective"
"644","others",6,3.7,1,0,4,2,"Noun"
"645","ought",5,3.61,1,14,2,1,"Verb"
"646","ours",4,3.26,2,7,3,1,"Pronoun"
"647","outfit",6,3.11,1,3,5,2,"Noun"
"648","outside",7,3.94,2,2,5,2,"Adverb"
"649","over",4,4.83,3,8,3,2,"Adverb"
"650","own",3,4.37,2,17,2,1,"Determiner"
"651","owner",5,3.07,1,9,3,2,"Noun"
"652","pa",2,3.09,2,13,2,1,"Name"
"653","pack",4,3.35,16,35,3,1,"Verb"
"654","page",4,3.28,11,16,3,1,"Noun"
"655","paid",4,3.64,7,24,3,1,"Verb"
"656","pain",4,3.7,11,37,3,1,"Noun"
"657","pair",4,3.28,6,32,3,1,"Noun"
"658","panic",5,3.05,2,1,5,2,"Noun"
"659","papa",4,3.34,1,5,4,2,"Noun"
"660","papers",6,3.42,4,5,5,2,"Noun"
"661","pardon",6,3.52,1,3,5,2,"Noun"
"662","part",4,4.13,14,14,4,1,"Noun"
"663","parts",5,3.18,8,7,5,1,"Noun"
"664","party",5,4.08,6,5,5,2,"Noun"
"665","pass",4,3.74,14,21,3,1,"Verb"
"666","passed",6,3.42,5,20,4,1,"Verb"
"667","passing",7,3.12,5,8,5,2,"Verb"
"668","passion",7,3,0,3,4,2,"Noun"
"669","past",4,3.8,14,20,4,1,"Noun"
"670","path",4,3.1,7,16,3,1,"Noun"
"671","patient",7,3.51,0,1,5,2,"Noun"
"672","peace",5,3.55,3,22,3,1,"Noun"
"673","pen",3,3.1,19,25,3,1,"Noun"
"674","per",3,3.06,9,16,2,1,"Preposition"
"675","person",6,4.04,1,3,4,2,"Noun"
"676","pet",3,3.01,21,28,3,1,"Noun"
"677","phone",5,4.14,3,27,3,1,"Noun"
"678","photo",5,3.07,0,2,4,2,"Noun"
"679","photos",6,3.01,1,0,5,2,"Noun"
"680","picture",7,3.85,0,0,5,2,"Noun"
"681","piece",5,3.8,1,22,3,1,"Noun"
"682","pieces",6,3.25,2,7,5,2,"Noun"
"683","pierce",6,3.12,2,6,4,1,"Name"
"684","pig",3,3.3,12,20,3,1,"Noun"
"685","pills",5,3.1,9,29,4,1,"Noun"
"686","pilot",5,3.13,1,5,5,2,"Noun"
"687","pipe",4,3,6,17,3,1,"Noun"
"688","piss",4,3.08,10,24,3,1,"Verb"
"689","pizza",5,3.23,0,0,5,2,"Noun"
"690","plane",5,3.69,5,10,4,1,"Noun"
"691","planned",7,3.21,2,7,5,1,"Verb"
"692","plant",5,3.15,4,5,5,1,"Noun"
"693","plate",5,3.12,5,13,4,1,"Noun"
"694","playing",7,3.88,3,4,5,2,"Verb"
"695","plays",5,3.18,1,13,4,1,"Verb"
"696","please",6,4.75,0,9,4,1,"Adverb"
"697","pleasure",8,3.61,0,0,5,2,"Noun"
"698","pocket",6,3.26,6,7,5,2,"Noun"
"699","poison",6,3.1,1,1,4,2,"Noun"
"700","police",6,4.08,2,1,5,2,"Noun"
"701","post",4,3.22,12,16,4,1,"Noun"
"702","pot",3,3.06,17,30,3,1,"Noun"
"703","pounds",6,3.2,6,7,5,1,"Noun"
"704","power",5,3.88,9,19,3,1,"Noun"
"705","pray",4,3.27,7,11,3,1,"Verb"
"706","prefer",6,3.23,0,0,5,2,"Verb"
"707","pressure",8,3.43,0,0,5,2,"Noun"
"708","pretty",6,4.3,0,3,5,2,"Adverb"
"709","price",5,3.44,4,6,4,1,"Noun"
"710","pride",5,3.15,5,14,4,1,"Noun"
"711","prince",6,3.36,1,3,5,1,"Noun"
"712","print",5,3.01,2,2,5,1,"Noun"
"713","prize",5,3.06,3,12,4,1,"Noun"
"714","proof",5,3.24,0,4,4,1,"Noun"
"715","proper",6,3.11,1,5,5,2,"Adjective"
"716","proud",5,3.63,0,8,4,1,"Adjective"
"717","pulse",5,3.08,1,3,4,1,"Noun"
"718","punk",4,3.05,11,10,4,1,"Noun"
"719","pure",4,3.1,9,1,4,1,"Adjective"
"720","purpose",7,3.25,0,1,5,2,"Noun"
"721","purse",5,3,6,19,3,1,"Noun"
"722","pushed",6,3.02,4,1,4,1,"Verb"
"723","put",3,4.63,15,17,3,1,"Verb"
"724","queen",5,3.45,1,1,4,1,"Noun"
"725","quick",5,3.74,3,10,4,1,"Adjective"
"726","quit",4,3.66,3,8,4,1,"Verb"
"727","quite",5,4.01,3,4,4,1,"Adverb"
"728","rabbit",6,3.03,0,2,5,2,"Noun"
"729","race",4,3.5,14,26,3,1,"Noun"
"730","ran",3,3.63,17,28,3,1,"Verb"
"731","range",5,3.07,0,9,4,1,"Noun"
"732","rare",4,3.04,16,31,3,1,"Adjective"
"733","rat",3,3.22,19,36,3,1,"Noun"
"734","ray",3,3.7,19,24,2,1,"Name"
"735","read",4,4.09,12,35,3,1,"Verb"
"736","reading",7,3.5,5,21,5,2,"Verb"
"737","ready",5,4.3,4,14,4,2,"Adjective"
"738","real",4,4.35,14,1,4,1,"Adjective"
"739","reason",6,3.99,1,5,4,2,"Noun"
"740","reasons",7,3.22,1,4,5,2,"Noun"
"741","recall",6,3,0,1,5,2,"Verb"
"742","receive",7,3,1,0,5,2,"Verb"
"743","record",6,3.64,1,0,5,2,"Noun"
"744","red",3,3.88,11,27,3,1,"Adjective"
"745","release",7,3.27,0,2,5,2,"Verb"
"746","remove",6,3.04,1,0,5,2,"Verb"
"747","rent",4,3.25,15,19,4,1,"Noun"
"748","research",8,3.23,0,0,5,2,"Noun"
"749","rest",4,4.04,11,21,4,1,"Noun"
"750","return",6,3.67,0,1,5,2,"Verb"
"751","rich",4,3.61,2,23,3,1,"Adjective"
"752","rid",3,3.48,13,27,3,1,"Verb"
"753","ride",4,3.84,15,41,3,1,"Noun"
"754","right",5,5.31,7,35,3,1,"Adverb"
"755","rights",6,3.18,4,19,4,1,"Noun"
"756","river",5,3.45,7,8,4,2,"Noun"
"757","road",4,3.76,6,36,3,1,"Noun"
"758","rob",3,3.08,15,17,3,1,"Verb"
"759","robin",5,3.1,1,3,5,2,"Name"
"760","roof",4,3.26,7,16,3,1,"Noun"
"761","rope",4,3.06,16,30,3,1,"Noun"
"762","rose",4,3.43,18,35,3,1,"Noun"
"763","rough",5,3.28,5,19,3,1,"Adjective"
"764","round",5,3.53,7,16,4,1,"Adjective"
"765","row",3,3.13,17,30,2,1,"Noun"
"766","royal",5,3.07,1,3,4,1,"Adjective"
"767","rush",4,3.2,13,14,3,1,"Noun"
"768","safe",4,3.86,8,12,3,1,"Adjective"
"769","safety",6,3.22,1,2,5,2,"Noun"
"770","sake",4,3.51,16,28,3,1,"Noun"
"771","sale",4,3.11,19,40,3,1,"Noun"
"772","salt",4,3,5,9,4,1,"Noun"
"773","sand",4,3.02,11,15,4,1,"Noun"
"774","sandy",5,3.07,5,9,5,2,"Name"
"775","sat",3,3.16,20,31,3,1,"Verb"
"776","say",3,4.92,25,29,2,1,"Verb"
"777","scared",6,3.83,7,8,5,1,"Adjective"
"778","scene",5,3.58,2,36,3,1,"Noun"
"779","school",6,4.23,0,9,4,1,"Noun"
"780","score",5,3.19,9,8,4,1,"Noun"
"781","scream",6,3.13,1,4,5,1,"Verb"
"782","screen",6,3.08,0,3,5,1,"Noun"
"783","sea",3,3.48,10,28,2,1,"Noun"
"784","search",6,3.39,1,11,3,1,"Noun"
"785","season",6,3.21,1,5,4,2,"Noun"
"786","section",7,3.14,1,1,5,2,"Noun"
"787","see",3,5.12,14,28,2,1,"Verb"
"788","seeing",6,3.75,1,10,4,2,"Verb"
"789","seems",5,3.93,6,12,4,1,"Verb"
"790","seen",4,4.29,11,36,3,1,"Verb"
"791","sees",4,3.28,11,34,3,1,"Verb"
"792","selling",7,3.28,5,8,5,2,"Verb"
"793","send",4,3.96,10,16,4,1,"Verb"
"794","senior",6,3.13,1,0,5,2,"Adjective"
"795","series",6,3.01,1,3,5,2,"Noun"
"796","served",6,3,2,8,4,1,"Verb"
"797","service",7,3.61,1,3,5,2,"Noun"
"798","set",3,4.07,18,27,3,1,"Verb"
"799","settle",6,3.33,4,13,4,2,"Verb"
"800","settled",7,3,3,6,5,2,"Verb"
"801","sex",3,3.89,12,18,4,1,"Noun"
"802","sexy",4,3.18,0,1,5,2,"Adjective"
"803","shadow",6,3.03,0,2,4,2,"Noun"
"804","shake",5,3.31,11,24,3,1,"Verb"
"805","shame",5,3.33,7,17,3,1,"Noun"
"806","shape",5,3.19,6,14,3,1,"Noun"
"807","sheriff",7,3.49,0,1,5,2,"Noun"
"808","ships",5,3,7,11,4,1,"Noun"
"809","shock",5,3.17,6,25,3,1,"Noun"
"810","shoe",4,3.19,6,33,2,1,"Noun"
"811","shoot",5,3.92,4,16,3,1,"Verb"
"812","shop",4,3.44,9,15,3,1,"Noun"
"813","shopping",8,3.19,5,9,5,2,"Noun"
"814","shore",5,3.01,13,34,3,1,"Name"
"815","shot",4,4.06,11,22,3,1,"Noun"
"816","shots",5,3.16,7,13,4,1,"Noun"
"817","shoulder",8,3.13,1,5,5,2,"Noun"
"818","show",4,4.4,10,32,2,1,"Verb"
"819","shower",6,3.32,2,14,3,1,"Noun"
"820","shows",5,3.33,6,25,3,1,"Verb"
"821","shut",4,4.13,4,18,3,1,"Verb"
"822","sick",4,3.93,13,29,3,1,"Adjective"
"823","side",4,4.01,10,32,3,1,"Noun"
"824","sight",5,3.36,8,30,3,1,"Noun"
"825","signal",6,3.28,0,0,5,2,"Noun"
"826","signed",6,3.26,2,17,4,1,"Verb"
"827","silver",6,3.21,0,1,5,2,"Noun"
"828","simple",6,3.66,5,5,5,2,"Adjective"
"829","singing",7,3.36,5,7,5,2,"Verb"
"830","single",6,3.57,5,5,5,2,"Adjective"
"831","sister",6,3.96,3,3,5,2,"Noun"
"832","sit",3,4.2,16,32,3,1,"Verb"
"833","sitting",7,3.68,4,15,5,2,"Verb"
"834","six",3,4.01,11,19,4,1,"Number"
"835","size",4,3.37,4,31,3,1,"Noun"
"836","skin",4,3.35,8,10,4,1,"Noun"
"837","skip",4,3.03,8,9,4,1,"Verb"
"838","sky",3,3.36,7,4,3,1,"Noun"
"839","slept",5,3.26,2,6,5,1,"Verb"
"840","smart",5,3.69,1,1,5,1,"Adjective"
"841","smells",6,3.14,5,6,5,1,"Verb"
"842","smith",5,3.27,1,1,4,1,"Name"
"843","smoke",5,3.52,4,6,4,1,"Verb"
"844","snake",5,3.06,5,9,4,1,"Noun"
"845","snow",4,3.2,6,3,3,1,"Noun"
"846","soda",4,3.01,3,5,4,2,"Noun"
"847","sold",4,3.42,9,21,4,1,"Verb"
"848","soldier",7,3.3,0,0,5,2,"Noun"
"849","someday",7,3.24,0,2,5,2,"Adverb"
"850","somehow",7,3.36,0,0,5,2,"Adverb"
"851","song",4,3.68,9,14,3,1,"Noun"
"852","songs",5,3.05,4,5,4,1,"Noun"
"853","sorry",5,4.78,1,4,4,2,"Adjective"
"854","soul",4,3.59,5,30,3,1,"Noun"
"855","sound",5,3.86,7,13,4,1,"Verb"
"856","sounds",6,3.9,6,8,5,1,"Verb"
"857","soup",4,3.11,4,17,3,1,"Noun"
"858","speed",5,3.32,2,7,4,1,"Noun"
"859","spend",5,3.68,3,8,5,1,"Verb"
"860","split",5,3.29,1,1,5,1,"Verb"
"861","sport",5,3.01,5,2,5,1,"Noun"
"862","spot",4,3.5,7,11,4,1,"Noun"
"863","spread",6,3.2,0,1,5,1,"Verb"
"864","spring",6,3.2,5,8,5,1,"Noun"
"865","square",6,3.21,1,1,5,1,"Noun"
"866","staff",5,3.21,2,8,4,1,"Noun"
"867","stairs",6,3.08,1,9,5,1,"Noun"
"868","stand",5,4.06,2,8,5,1,"Verb"
"869","star",4,3.62,10,8,4,1,"Noun"
"870","state",5,3.74,7,13,4,1,"Noun"
"871","states",6,3.44,6,3,5,1,"Name"
"872","station",7,3.61,0,0,5,2,"Noun"
"873","stay",4,4.42,8,8,3,1,"Verb"
"874","staying",7,3.48,5,4,5,2,"Verb"
"875","steal",5,3.43,4,10,4,1,"Verb"
"876","step",4,3.78,4,7,4,1,"Verb"
"877","steps",5,3.1,3,2,5,1,"Noun"
"878","stick",5,3.69,6,14,4,1,"Verb"
"879","still",5,4.6,6,15,4,1,"Adverb"
"880","stock",5,3.11,6,10,4,1,"Noun"
"881","stole",5,3.43,6,11,4,1,"Verb"
"882","stone",5,3.32,8,12,4,1,"Noun"
"883","stops",5,3.05,2,6,5,1,"Verb"
"884","store",5,3.62,13,10,4,1,"Noun"
"885","story",5,4.05,4,5,5,2,"Noun"
"886","straight",8,3.8,0,6,5,1,"Adverb"
"887","street",6,3.88,0,5,5,1,"Noun"
"888","study",5,3.4,1,6,5,2,"Noun"
"889","stuff",5,4.19,4,10,4,1,"Noun"
"890","style",5,3.19,2,9,4,1,"Noun"
"891","suck",4,3.25,12,26,3,1,"Verb"
"892","sue",3,3.18,10,38,2,1,"Verb"
"893","suffer",6,3.06,3,11,4,2,"Verb"
"894","sugar",5,3.28,0,0,4,2,"Noun"
"895","suit",4,3.54,4,27,3,1,"Noun"
"896","supper",6,3,0,6,4,2,"Noun"
"897","suppose",7,3.81,0,0,5,2,"Verb"
"898","sure",4,4.75,6,17,3,1,"Adjective"
"899","swear",5,3.65,4,10,4,1,"Verb"
"900","swim",4,3.21,6,11,4,1,"Verb"
"901","swing",5,3.12,6,16,4,1,"Verb"
"902","sword",5,3.13,2,18,4,1,"Noun"
"903","table",5,3.73,4,6,4,2,"Noun"
"904","tail",4,3.09,13,36,3,1,"Noun"
"905","taking",6,4.09,5,9,5,2,"Verb"
"906","talk",4,4.64,8,20,3,1,"Verb"
"907","talked",6,3.72,4,15,4,1,"Verb"
"908","talking",7,4.4,3,7,5,2,"Verb"
"909","tank",4,3.12,11,12,4,1,"Noun"
"910","taxi",4,3.12,1,3,5,2,"Noun"
"911","tea",3,3.48,7,27,2,1,"Noun"
"912","teach",5,3.57,4,16,3,1,"Verb"
"913","tell",4,4.94,12,27,3,1,"Verb"
"914","tells",5,3.43,7,17,4,1,"Verb"
"915","ten",3,3.87,16,24,3,1,"Number"
"916","test",4,3.63,13,18,4,1,"Noun"
"917","tests",5,3.08,8,11,5,1,"Noun"
"918","thanks",6,4.5,1,6,5,1,"Noun"
"919","theater",7,3.09,0,0,5,2,"Noun"
"920","them",4,4.96,5,6,3,1,"Pronoun"
"921","then",4,4.88,7,17,3,1,"Adverb"
"922","theory",6,3.16,0,0,5,2,"Noun"
"923","there",5,5.35,3,21,3,1,"Ex"
"924","these",5,4.66,3,18,3,1,"Determiner"
"925","they",4,5.32,4,22,2,1,"Pronoun"
"926","thief",5,3.09,1,8,3,1,"Noun"
"927","thing",5,4.74,4,13,3,1,"Noun"
"928","things",6,4.55,1,6,4,1,"Noun"
"929","think",5,5.14,4,12,4,1,"Verb"
"930","thinks",6,3.72,2,8,5,1,"Verb"
"931","third",5,3.58,0,9,3,1,"Number"
"932","thou",4,3.06,2,15,2,1,"Pronoun"
"933","thoughts",8,3.23,0,0,4,1,"Noun"
"934","thousand",8,3.55,0,1,5,2,"Noun"
"935","three",5,4.44,1,9,3,1,"Number"
"936","threw",5,3.32,3,8,3,1,"Verb"
"937","throat",6,3.26,1,7,4,1,"Noun"
"938","throw",5,3.82,2,8,3,1,"Verb"
"939","throwing",8,3.17,0,2,5,2,"Verb"
"940","ticket",6,3.37,4,1,5,2,"Noun"
"941","tied",4,3.14,6,30,3,1,"Verb"
"942","tight",5,3.41,7,34,3,1,"Adverb"
"943","times",5,4.05,10,19,4,1,"Noun"
"944","tiny",4,3.22,3,7,4,2,"Adjective"
"945","tired",5,3.76,8,10,4,1,"Adjective"
"946","toast",5,3.23,3,11,4,1,"Noun"
"947","told",4,4.55,10,16,4,1,"Verb"
"948","tongue",6,3.2,0,15,3,1,"Noun"
"949","took",4,4.24,8,17,3,1,"Verb"
"950","touch",5,3.88,4,12,3,1,"Verb"
"951","tower",5,3.07,10,16,3,1,"Noun"
"952","town",4,4.1,4,13,3,1,"Noun"
"953","trace",5,3,6,11,4,1,"Noun"
"954","track",5,3.45,6,8,4,1,"Noun"
"955","trade",5,3.25,2,12,4,1,"Noun"
"956","train",5,3.69,6,11,4,1,"Noun"
"957","trash",5,3.06,3,7,4,1,"Noun"
"958","travel",6,3.23,1,1,5,2,"Verb"
"959","tree",4,3.52,4,9,3,1,"Noun"
"960","trees",5,3.19,3,11,4,1,"Noun"
"961","trip",4,3.62,6,11,4,1,"Noun"
"962","trouble",7,4.06,0,3,5,2,"Noun"
"963","truck",5,3.57,4,6,4,1,"Noun"
"964","trunk",5,3,2,1,5,1,"Noun"
"965","truth",5,3.99,0,4,4,1,"Noun"
"966","try",3,4.39,7,9,3,1,"Verb"
"967","trying",6,4.36,4,3,5,2,"Verb"
"968","turkey",6,3.06,0,7,4,2,"Noun"
"969","turn",4,4.19,5,19,3,1,"Verb"
"970","turned",6,3.73,2,10,4,1,"Verb"
"971","turning",7,3.31,1,7,5,2,"Verb"
"972","twice",5,3.5,1,1,4,1,"Adverb"
"973","type",4,3.49,2,17,3,1,"Noun"
"974","under",5,4.13,1,2,4,2,"Preposition"
"975","used",4,4.24,2,3,4,1,"Verb"
"976","value",5,3.04,2,0,5,2,"Noun"
"977","view",4,3.29,2,10,3,1,"Noun"
"978","wait",4,4.63,10,30,3,1,"Verb"
"979","waited",6,3.17,7,14,5,2,"Verb"
"980","walk",4,4.04,5,15,3,1,"Verb"
"981","wallet",6,3.07,4,2,5,2,"Noun"
"982","want",4,5.15,12,10,4,1,"Verb"
"983","wants",5,4.19,3,1,5,1,"Verb"
"984","waste",5,3.43,5,15,4,1,"Verb"
"985","watched",7,3.13,5,4,4,1,"Verb"
"986","water",5,4.06,6,7,4,2,"Noun"
"987","wave",4,3.04,14,25,3,1,"Noun"
"988","way",3,4.86,18,22,2,1,"Noun"
"989","we",2,5.66,4,23,2,1,"Pronoun"
"990","weapon",6,3.38,0,0,5,2,"Noun"
"991","wearing",7,3.64,10,13,5,2,"Verb"
"992","wedding",7,3.71,3,16,5,2,"Noun"
"993","week",4,4.09,8,28,3,1,"Noun"
"994","weeks",5,3.82,2,10,4,1,"Noun"
"995","weight",6,3.27,3,30,3,1,"Noun"
"996","which",5,4.39,0,7,4,1,"Determiner"
"997","white",5,3.94,3,8,4,1,"Adjective"
"998","who",3,5.05,2,38,2,1,"Pronoun"
"999","whom",4,3.25,3,24,3,1,"Pronoun"
"1000","whose",5,3.5,4,33,3,1,"Determiner"
"1001","why",3,5.06,5,3,3,1,"Adverb"
"1002","wide",4,3.08,13,32,3,1,"Adjective"
"1003","wife",4,4.25,9,13,3,1,"Noun"
"1004","wild",4,3.47,8,15,4,1,"Adjective"
"1005","will",4,5.03,16,30,3,1,"Verb"
"1006","wind",4,3.48,12,14,4,1,"Noun"
"1007","window",6,3.64,0,0,5,2,"Noun"
"1008","wine",4,3.49,19,25,3,1,"Noun"
"1009","wing",4,3.01,10,20,3,1,"Noun"
"1010","winner",6,3.2,5,9,4,2,"Noun"
"1011","wins",4,3,10,17,4,1,"Verb"
"1012","wire",4,3.15,16,22,3,1,"Noun"
"1013","wish",4,4.08,7,14,3,1,"Verb"
"1014","within",6,3.48,0,1,5,2,"Preposition"
"1015","woke",4,3.13,7,16,3,1,"Verb"
"1016","wolf",4,3.01,2,1,4,1,"Noun"
"1017","women",5,4,2,1,5,2,"Noun"
"1018","won",3,4.59,11,20,3,1,"Verb"
"1019","wonder",6,3.78,5,6,5,2,"Verb"
"1020","woods",5,3.17,6,7,4,1,"Noun"
"1021","word",4,4.08,10,23,3,1,"Noun"
"1022","words",5,3.79,8,9,4,1,"Noun"
"1023","wore",4,3.03,20,31,3,1,"Verb"
"1024","works",5,3.73,4,10,4,1,"Verb"
"1025","world",5,4.37,1,10,4,1,"Noun"
"1026","worried",7,3.68,1,3,5,2,"Adjective"
"1027","worst",5,3.46,1,12,4,1,"Adjective"
"1028","worth",5,3.75,2,11,3,1,"Preposition"
"1029","wound",5,3.13,8,13,4,1,"Noun"
"1030","writing",7,3.46,2,19,5,2,"Verb"
"1031","written",7,3.35,0,8,4,2,"Verb"
"1032","wrote",5,3.56,1,34,3,1,"Verb"
"1033","yard",4,3.11,6,13,4,1,"Noun"
"1034","year",4,4.15,12,29,3,1,"Noun"
"1035","years",5,4.46,10,16,4,1,"Noun"
"1036","yelling",7,3.04,5,5,5,2,"Verb"
"1037","you",3,6.33,2,29,2,1,"Pronoun"
"1038","young",5,4.09,0,6,3,1,"Adjective"
"1039","zero",4,3.04,2,2,4,2,"Number"
"1040","zone",4,3.01,8,14,3,1,"Noun"
